ds,trend,yhat_lower,yhat_upper,trend_lower,trend_upper,additive_terms,additive_terms_lower,additive_terms_upper,yearly,yearly_lower,yearly_upper,multiplicative_terms,multiplicative_terms_lower,multiplicative_terms_upper,yhat,type
2018-10-13T00:00:00.000Z,1.6778322214406087E9,2.3636914996194997E9,4.461407734507542E9,1.6778322214406087E9,1.6778322214406087E9,1.7498133127705612E9,1.7498133127705612E9,1.7498133127705612E9,1.7498133127705612E9,1.7498133127705612E9,1.7498133127705612E9,0.0,0.0,0.0,3.42764553421117E9,Forecast
2018-11-10T00:00:00.000Z,1.7222792278389406E9,2.1398229467630086E9,4.1590982856344166E9,1.7222792278389406E9,1.7222792278389406E9,1.446357749803779E9,1.446357749803779E9,1.446357749803779E9,1.446357749803779E9,1.446357749803779E9,1.446357749803779E9,0.0,0.0,0.0,3.1686369776427193E9,Forecast
2018-12-08T00:00:00.000Z,1.7667262341896226E9,1.752559564828507E9,3.772027721383393E9,1.7667262341896226E9,1.7667262341896226E9,9.369915406080382E8,9.369915406080382E8,9.369915406080382E8,9.369915406080382E8,9.369915406080382E8,9.369915406080382E8,0.0,0.0,0.0,2.703717774797661E9,Forecast
2019-01-05T00:00:00.000Z,1.8111732404926543E9,1.241337865263212E9,3.306288194511673E9,1.8111732404926543E9,1.8111732404926543E9,4.183690566834761E8,4.183690566834761E8,4.183690566834761E8,4.183690566834761E8,4.183690566834761E8,4.183690566834761E8,0.0,0.0,0.0,2.2295422971761303E9,Forecast
2019-02-02T00:00:00.000Z,1.855620246846015E9,-1.409998742881401E7,1.972727397910404E9,1.855620246846015E9,1.855620246846015E9,-8.878483224783632E8,-8.878483224783632E8,-8.878483224783632E8,-8.878483224783632E8,-8.878483224783632E8,-8.878483224783632E8,0.0,0.0,0.0,9.677719243676518E8,Forecast
2019-03-02T00:00:00.000Z,1.9000672532477002E9,1.2394407370042959E8,2.1444575941953692E9,1.9000672532477002E9,1.9000672532477002E9,-7.342089053756064E8,-7.342089053756064E8,-7.342089053756064E8,-7.342089053756064E8,-7.342089053756064E8,-7.342089053756064E8,0.0,0.0,0.0,1.1658583478720937E9,Forecast
2019-03-30T00:00:00.000Z,1.9445142597440302E9,6.214267488607438E8,2.517699308270716E9,1.9445142597440302E9,1.9445142597440302E9,-3.3097332234325165E8,-3.3097332234325165E8,-3.3097332234325165E8,-3.3097332234325165E8,-3.3097332234325165E8,-3.3097332234325165E8,0.0,0.0,0.0,1.6135409374007785E9,Forecast
2019-04-27T00:00:00.000Z,1.9889612662172616E9,-1.7459514175470838E8,1.856271142924827E9,1.9889612662172616E9,1.9889612662172616E9,-1.1601630198468266E9,-1.1601630198468266E9,-1.1601630198468266E9,-1.1601630198468266E9,-1.1601630198468266E9,-1.1601630198468266E9,0.0,0.0,0.0,8.28798246370435E8,Forecast
2019-05-25T00:00:00.000Z,2.033408272667395E9,2.3735143260603192E8,2.324290251849473E9,2.033408272667395E9,2.033408272667395E9,-7.663313317951542E8,-7.663313317951542E8,-7.663313317951542E8,-7.663313317951542E8,-7.663313317951542E8,-7.663313317951542E8,0.0,0.0,0.0,1.267076940872241E9,Forecast
2019-06-22T00:00:00.000Z,2.0778552791421335E9,2.545091456243037E8,2.29886727513672E9,2.0778552791421335E9,2.0778552791421335E9,-7.475493036083815E8,-7.475493036083815E8,-7.475493036083815E8,-7.475493036083815E8,-7.475493036083815E8,-7.475493036083815E8,0.0,0.0,0.0,1.330305975533752E9,Forecast
2019-07-20T00:00:00.000Z,2.122302285625074E9,4.7595636544699854E8,2.496555493525113E9,2.122302285625074E9,2.122302285625074E9,-6.242573122194659E8,-6.242573122194659E8,-6.242573122194659E8,-6.242573122194659E8,-6.242573122194659E8,-6.242573122194659E8,0.0,0.0,0.0,1.4980449734056082E9,Forecast
2019-08-17T00:00:00.000Z,2.1667492919787154E9,1.1244012820519786E9,3.18240942444066E9,2.1667492919787154E9,2.1667492919787154E9,3717877.5505750114,3717877.5505750114,3717877.5505750114,3717877.5505750114,3717877.5505750114,3717877.5505750114,0.0,0.0,0.0,2.17046716952929E9,Forecast
2019-09-14T00:00:00.000Z,2.211196298380838E9,1.8886475112507336E9,3.9369588086885786E9,2.211196298380838E9,2.211196298380838E9,6.235720821645015E8,6.235720821645015E8,6.235720821645015E8,6.235720821645015E8,6.235720821645015E8,6.235720821645015E8,0.0,0.0,0.0,2.8347683805453396E9,Forecast
2019-10-12T00:00:00.000Z,2.255643304831442E9,3.0709757439770856E9,5.094164302834279E9,2.255643304831442E9,2.255643304831442E9,1.7576801454400415E9,1.7576801454400415E9,1.7576801454400415E9,1.7576801454400415E9,1.7576801454400415E9,1.7576801454400415E9,0.0,0.0,0.0,4.0133234502714834E9,Forecast
2019-11-09T00:00:00.000Z,2.3000903112625337E9,2.736536819315234E9,4.801360681120696E9,2.3000903112625337E9,2.3000903112625337E9,1.4465641966019812E9,1.4465641966019812E9,1.4465641966019812E9,1.4465641966019812E9,1.4465641966019812E9,1.4465641966019812E9,0.0,0.0,0.0,3.746654507864515E9,Forecast
2019-12-07T00:00:00.000Z,2.3445373176871214E9,2.393452653975637E9,4.342853524286912E9,2.3445373176871214E9,2.3445373176871214E9,9.767990632696974E8,9.767990632696974E8,9.767990632696974E8,9.767990632696974E8,9.767990632696974E8,9.767990632696974E8,0.0,0.0,0.0,3.3213363809568186E9,Forecast
2020-01-04T00:00:00.000Z,2.3889843241077943E9,1.8050753511223547E9,3.8811228601363087E9,2.3889843241077943E9,2.3889843241077943E9,4.4628717798152363E8,4.4628717798152363E8,4.4628717798152363E8,4.4628717798152363E8,4.4628717798152363E8,4.4628717798152363E8,0.0,0.0,0.0,2.835271502089318E9,Forecast
2020-02-01T00:00:00.000Z,2.4334313305087676E9,6.230853954448695E8,2.66083506624001E9,2.4334313305087676E9,2.4334313305087676E9,-8.444690410396472E8,-8.444690410396472E8,-8.444690410396472E8,-8.444690410396472E8,-8.444690410396472E8,-8.444690410396472E8,0.0,0.0,0.0,1.5889622894691205E9,Forecast
2020-02-29T00:00:00.000Z,2.477878336850642E9,7.220897758975376E8,2.784693779946077E9,2.477878336850642E9,2.477878336850642E9,-7.560692830019366E8,-7.560692830019366E8,-7.560692830019366E8,-7.560692830019366E8,-7.560692830019366E8,-7.560692830019366E8,0.0,0.0,0.0,1.7218090538487058E9,Forecast
2020-03-28T00:00:00.000Z,2.5223253432876434E9,1.1959114111409423E9,3.1959674691281047E9,2.5223253432876434E9,2.5223253432876434E9,-3.282725735586585E8,-3.282725735586585E8,-3.282725735586585E8,-3.282725735586585E8,-3.282725735586585E8,-3.282725735586585E8,0.0,0.0,0.0,2.194052769728985E9,Forecast
2020-04-25T00:00:00.000Z,2.566772349756353E9,4.254802530483555E8,2.354064631937159E9,2.566772349756353E9,2.566772349756353E9,-1.1480428336174147E9,-1.1480428336174147E9,-1.1480428336174147E9,-1.1480428336174147E9,-1.1480428336174147E9,-1.1480428336174147E9,0.0,0.0,0.0,1.4187295161389382E9,Forecast
2020-05-23T00:00:00.000Z,2.611219356239077E9,8.725990237747729E8,2.9244685246891994E9,2.611219356239077E9,2.611219356239077E9,-7.532085428989277E8,-7.532085428989277E8,-7.532085428989277E8,-7.532085428989277E8,-7.532085428989277E8,-7.532085428989277E8,0.0,0.0,0.0,1.8580108133401494E9,Forecast
2020-06-20T00:00:00.000Z,2.6556663627311153E9,8.749670550055472E8,3.002086989714093E9,2.6556663627311153E9,2.6556663627311153E9,-7.896704461706642E8,-7.896704461706642E8,-7.896704461706642E8,-7.896704461706642E8,-7.896704461706642E8,-7.896704461706642E8,0.0,0.0,0.0,1.865995916560451E9,Forecast
2020-07-18T00:00:00.000Z,2.700113369251093E9,1.0705859195993782E9,3.1529042838905897E9,2.700113369251093E9,2.700113369251093E9,-6.063876626104527E8,-6.063876626104527E8,-6.063876626104527E8,-6.063876626104527E8,-6.063876626104527E8,-6.063876626104527E8,0.0,0.0,0.0,2.0937257066406403E9,Forecast
2020-08-15T00:00:00.000Z,2.744560375775069E9,1.6591421186087582E9,3.6689074807779746E9,2.744560375775069E9,2.744560375775069E9,-3.197847802742696E7,-3.197847802742696E7,-3.197847802742696E7,-3.197847802742696E7,-3.197847802742696E7,-3.197847802742696E7,0.0,0.0,0.0,2.712581897747642E9,Forecast
2020-09-12T00:00:00.000Z,2.7890073823030434E9,2.3226707112415824E9,4.359221660541907E9,2.7890073823030434E9,2.7890073823030434E9,5.619848967868665E8,5.619848967868665E8,5.619848967868665E8,5.619848967868665E8,5.619848967868665E8,5.619848967868665E8,0.0,0.0,0.0,3.35099227908991E9,Forecast
2020-10-10T00:00:00.000Z,2.83345438896664E9,3.446878151065422E9,5.611783284017254E9,2.83345438896664E9,2.83345438896664E9,1.7606026157602034E9,1.7606026157602034E9,1.7606026157602034E9,1.7606026157602034E9,1.7606026157602034E9,1.7606026157602034E9,0.0,0.0,0.0,4.594057004726843E9,Forecast
2020-11-07T00:00:00.000Z,2.877901395613069E9,3.30849038969219E9,5.410274455720823E9,2.877901395613069E9,2.877901395613069E9,1.4469847775572274E9,1.4469847775572274E9,1.4469847775572274E9,1.4469847775572274E9,1.4469847775572274E9,1.4469847775572274E9,0.0,0.0,0.0,4.324886173170297E9,Forecast
2020-12-05T00:00:00.000Z,2.9223484022079897E9,2.933782623718081E9,4.908491365616668E9,2.9223484022079897E9,2.9223484022079897E9,1.0171310099865229E9,1.0171310099865229E9,1.0171310099865229E9,1.0171310099865229E9,1.0171310099865229E9,1.0171310099865229E9,0.0,0.0,0.0,3.9394794121945124E9,Forecast
2021-01-02T00:00:00.000Z,2.9667954087934947E9,2.411902561671689E9,4.382140635433909E9,2.9667954087934947E9,2.9667954087934947E9,4.7061383586489624E8,4.7061383586489624E8,4.7061383586489624E8,4.7061383586489624E8,4.7061383586489624E8,4.7061383586489624E8,0.0,0.0,0.0,3.437409244658391E9,Forecast
2021-01-30T00:00:00.000Z,3.011242415369582E9,1.2596492548195477E9,3.178337150540572E9,3.011242415369582E9,3.011242415369582E9,-7.954179180859649E8,-7.954179180859649E8,-7.954179180859649E8,-7.954179180859649E8,-7.954179180859649E8,-7.954179180859649E8,0.0,0.0,0.0,2.215824497283617E9,Forecast
2021-02-27T00:00:00.000Z,3.0556894220622845E9,1.1953344320265663E9,3.2778234057480154E9,3.0556894220622845E9,3.0556894220622845E9,-7.784166194186971E8,-7.784166194186971E8,-7.784166194186971E8,-7.784166194186971E8,-7.784166194186971E8,-7.784166194186971E8,0.0,0.0,0.0,2.277272802643587E9,Forecast
2021-03-27T00:00:00.000Z,3.10013642880207E9,1.7596371688648462E9,3.78814334455243E9,3.10013642880207E9,3.10013642880207E9,-3.3045507021848613E8,-3.3045507021848613E8,-3.3045507021848613E8,-3.3045507021848613E8,-3.3045507021848613E8,-3.3045507021848613E8,0.0,0.0,0.0,2.769681358583584E9,Forecast
2021-04-24T00:00:00.000Z,3.1445834355664935E9,9.759285926726601E8,3.069119334724224E9,3.1445834355664935E9,3.1445834355664935E9,-1.1287820250366418E9,-1.1287820250366418E9,-1.1287820250366418E9,-1.1287820250366418E9,-1.1287820250366418E9,-1.1287820250366418E9,0.0,0.0,0.0,2.0158014105298517E9,Forecast
2021-05-22T00:00:00.000Z,3.1890304423992443E9,1.5110351929313564E9,3.419826178218017E9,3.1890304423992443E9,3.1890304423992443E9,-7.44970631516463E8,-7.44970631516463E8,-7.44970631516463E8,-7.44970631516463E8,-7.44970631516463E8,-7.44970631516463E8,0.0,0.0,0.0,2.444059810882781E9,Forecast
2021-06-19T00:00:00.000Z,3.2334774493003216E9,1.430732832221665E9,3.3164879493204875E9,3.2334774493003216E9,3.2334774493003216E9,-8.302138800406395E8,-8.302138800406395E8,-8.302138800406395E8,-8.302138800406395E8,-8.302138800406395E8,-8.302138800406395E8,0.0,0.0,0.0,2.403263569259682E9,Forecast
2021-07-17T00:00:00.000Z,3.2779244561826E9,1.6288098755961976E9,3.653002725412127E9,3.2779244561826E9,3.2779244561826E9,-5.859144513717117E8,-5.859144513717117E8,-5.859144513717117E8,-5.859144513717117E8,-5.859144513717117E8,-5.859144513717117E8,0.0,0.0,0.0,2.6920100048108883E9,Forecast
2021-08-14T00:00:00.000Z,3.322371463058613E9,2.1898148410374513E9,4.301883519694422E9,3.322371463058613E9,3.322371463058613E9,-7.105080161817673E7,-7.105080161817673E7,-7.105080161817673E7,-7.105080161817673E7,-7.105080161817673E7,-7.105080161817673E7,0.0,0.0,0.0,3.251320661440436E9,Forecast
2021-09-11T00:00:00.000Z,3.3668184700763855E9,2.8294224182403517E9,4.946436515017782E9,3.3668184700763855E9,3.3668184700763855E9,5.0517555579565024E8,5.0517555579565024E8,5.0517555579565024E8,5.0517555579565024E8,5.0517555579565024E8,5.0517555579565024E8,0.0,0.0,0.0,3.871994025872036E9,Forecast
2021-10-09T00:00:00.000Z,3.411265477053861E9,4.187897888209804E9,6.194672240357869E9,3.411265477053861E9,3.411265477053861E9,1.758032278449346E9,1.758032278449346E9,1.758032278449346E9,1.758032278449346E9,1.758032278449346E9,1.758032278449346E9,0.0,0.0,0.0,5.169297755503207E9,Forecast
2021-11-06T00:00:00.000Z,3.4557124839910393E9,3.883915170747672E9,5.965690104318483E9,3.4557124839910393E9,3.4557124839910393E9,1.4480561842165215E9,1.4480561842165215E9,1.4480561842165215E9,1.4480561842165215E9,1.4480561842165215E9,1.4480561842165215E9,0.0,0.0,0.0,4.903768668207561E9,Forecast
2021-12-04T00:00:00.000Z,3.500159491044352E9,3.5213071327098374E9,5.577471320653993E9,3.500159491044352E9,3.500159491044352E9,1.0575465808802856E9,1.0575465808802856E9,1.0575465808802856E9,1.0575465808802856E9,1.0575465808802856E9,1.0575465808802856E9,0.0,0.0,0.0,4.557706071924638E9,Forecast
2022-01-01T00:00:00.000Z,3.5446064981363773E9,3.046797506928159E9,5.101482017329762E9,3.5446064981363773E9,3.5446064981363773E9,4.917934342011573E8,4.917934342011573E8,4.917934342011573E8,4.917934342011573E8,4.917934342011573E8,4.917934342011573E8,0.0,0.0,0.0,4.0363999323375344E9,Forecast
2022-01-29T00:00:00.000Z,3.5890535051026273E9,1.8096325319751737E9,3.866868296587388E9,3.5890535051026273E9,3.5890535051026273E9,-7.410978071803131E8,-7.410978071803131E8,-7.410978071803131E8,-7.410978071803131E8,-7.410978071803131E8,-7.410978071803131E8,0.0,0.0,0.0,2.847955697922314E9,Forecast
2022-02-26T00:00:00.000Z,3.6335005120688767E9,1.8987659618409126E9,3.8503353895478997E9,3.6335005120688767E9,3.6335005120688767E9,-8.012552062626835E8,-8.012552062626835E8,-8.012552062626835E8,-8.012552062626835E8,-8.012552062626835E8,-8.012552062626835E8,0.0,0.0,0.0,2.8322453058061934E9,Forecast
2022-03-26T00:00:00.000Z,3.677947519035127E9,2.3241013303888917E9,4.35949474321133E9,3.677947519035127E9,3.677947519035127E9,-3.370758459062352E8,-3.370758459062352E8,-3.370758459062352E8,-3.370758459062352E8,-3.370758459062352E8,-3.370758459062352E8,0.0,0.0,0.0,3.340871673128892E9,Forecast
2022-04-23T00:00:00.000Z,3.7223945260013776E9,1.5916425952441897E9,3.6563564373233895E9,3.7223945260013776E9,3.7223945260013776E9,-1.102638747877117E9,-1.102638747877117E9,-1.102638747877117E9,-1.102638747877117E9,-1.102638747877117E9,-1.102638747877117E9,0.0,0.0,0.0,2.619755778124261E9,Forecast
2022-05-21T00:00:00.000Z,3.7668415329676275E9,2.0269641086769235E9,4.051999738384156E9,3.7668415329676275E9,3.7668415329676275E9,-7.420570706255122E8,-7.420570706255122E8,-7.420570706255122E8,-7.420570706255122E8,-7.420570706255122E8,-7.420570706255122E8,0.0,0.0,0.0,3.0247844623421154E9,Forecast
2022-06-18T00:00:00.000Z,3.8112885399338775E9,1.8655084535619073E9,3.9431110655833187E9,3.8112885399338775E9,3.8112885399338775E9,-8.682259071646913E8,-8.682259071646913E8,-8.682259071646913E8,-8.682259071646913E8,-8.682259071646913E8,-8.682259071646913E8,0.0,0.0,0.0,2.943062632769186E9,Forecast
2022-07-16T00:00:00.000Z,3.8557355469001274E9,2.2757954285849752E9,4.2415549932579994E9,3.8557355469001274E9,3.8557355469001274E9,-5.63744122398066E8,-5.63744122398066E8,-5.63744122398066E8,-5.63744122398066E8,-5.63744122398066E8,-5.63744122398066E8,0.0,0.0,0.0,3.2919914245020614E9,Forecast
2022-08-13T00:00:00.000Z,3.900182553866378E9,2.8062640656443067E9,4.788920199847351E9,3.900182553866378E9,3.900182553866378E9,-1.1315535646617919E8,-1.1315535646617919E8,-1.1315535646617919E8,-1.1315535646617919E8,-1.1315535646617919E8,-1.1315535646617919E8,0.0,0.0,0.0,3.7870271974001985E9,Forecast
2022-09-10T00:00:00.000Z,3.944629560832628E9,3.3787782506955786E9,5.396914264440658E9,3.944629560832628E9,3.944629560832628E9,4.534624018623076E8,4.534624018623076E8,4.534624018623076E8,4.534624018623076E8,4.534624018623076E8,4.534624018623076E8,0.0,0.0,0.0,4.398091962694936E9,Forecast
2022-10-08T00:00:00.000Z,3.9890765677988777E9,4.660260121920401E9,6.734018714738295E9,3.9890765677988777E9,3.9890765677988777E9,1.7495031002817688E9,1.7495031002817688E9,1.7495031002817688E9,1.7495031002817688E9,1.7495031002817688E9,1.7495031002817688E9,0.0,0.0,0.0,5.7385796680806465E9,Forecast
2022-11-05T00:00:00.000Z,4.033523574765128E9,4.413675383262238E9,6.474460818522297E9,4.033523574765128E9,4.033523574765128E9,1.4501888895940278E9,1.4501888895940278E9,1.4501888895940278E9,1.4501888895940278E9,1.4501888895940278E9,1.4501888895940278E9,0.0,0.0,0.0,5.483712464359156E9,Forecast
2022-12-03T00:00:00.000Z,4.0779705817313776E9,4.170138125341941E9,6.148005814456005E9,4.0779705806964283E9,4.0779705830698304E9,1.097596500033823E9,1.097596500033823E9,1.097596500033823E9,1.097596500033823E9,1.097596500033823E9,1.097596500033823E9,0.0,0.0,0.0,5.175567081765201E9,Forecast
2022-12-31T00:00:00.000Z,4.122417588697628E9,3.602966603864925E9,5.58231160956282E9,4.1224175851774654E9,4.122417592466516E9,5.103262402028447E8,5.103262402028447E8,5.103262402028447E8,5.103262402028447E8,5.103262402028447E8,5.103262402028447E8,0.0,0.0,0.0,4.632743828900473E9,Forecast
2023-01-28T00:00:00.000Z,4.1668645956638784E9,2.4256092006975493E9,4.424913896164875E9,4.1668645884606953E9,4.1668646034069934E9,-6.820139450786179E8,-6.820139450786179E8,-6.820139450786179E8,-6.820139450786179E8,-6.820139450786179E8,-6.820139450786179E8,0.0,0.0,0.0,3.4848506505852604E9,Forecast
2023-02-25T00:00:00.000Z,4.2113116026301284E9,2.3193302073339944E9,4.408361606470656E9,4.2113115912960954E9,4.2113116143478727E9,-8.245237834979542E8,-8.245237834979542E8,-8.245237834979542E8,-8.245237834979542E8,-8.245237834979542E8,-8.245237834979542E8,0.0,0.0,0.0,3.386787819132174E9,Forecast
2023-03-25T00:00:00.000Z,4.2557586095963783E9,2.8215605078110204E9,4.978695903359751E9,4.255758594023772E9,4.255758625799681E9,-3.4762979508639073E8,-3.4762979508639073E8,-3.4762979508639073E8,-3.4762979508639073E8,-3.4762979508639073E8,-3.4762979508639073E8,0.0,0.0,0.0,3.908128814509988E9,Forecast
2023-04-22T00:00:00.000Z,4.300205616562628E9,2.2182490472329483E9,4.2286027786853247E9,4.300205596671191E9,4.300205638123194E9,-1.0700415769655762E9,-1.0700415769655762E9,-1.0700415769655762E9,-1.0700415769655762E9,-1.0700415769655762E9,-1.0700415769655762E9,0.0,0.0,0.0,3.2301640395970516E9,Forecast
2018-10-06T00:00:00.000Z,1.6667204698410256E9,2.3924244251470113E9,4.396621443007423E9,1.6667204698410256E9,1.6667204698410256E9,1.722580721488009E9,1.722580721488009E9,1.722580721488009E9,1.722580721488009E9,1.722580721488009E9,1.722580721488009E9,0.0,0.0,0.0,3.389301191329035E9,Forecast
2018-11-03T00:00:00.000Z,1.7111674762393575E9,2.167483244156136E9,4.25286372244002E9,1.7111674762393575E9,1.7111674762393575E9,1.4567183819307761E9,1.4567183819307761E9,1.4567183819307761E9,1.4567183819307761E9,1.4567183819307761E9,1.4567183819307761E9,0.0,0.0,0.0,3.1678858581701336E9,Forecast
2018-12-01T00:00:00.000Z,1.755614482613865E9,1.9293256042249987E9,4.000053762573232E9,1.755614482613865E9,1.755614482613865E9,1.1598077384882252E9,1.1598077384882252E9,1.1598077384882252E9,1.1598077384882252E9,1.1598077384882252E9,1.1598077384882252E9,0.0,0.0,0.0,2.91542222110209E9,Forecast
2018-12-29T00:00:00.000Z,1.8000614889168966E9,1.2897024806339428E9,3.282584127851083E9,1.8000614889168966E9,1.8000614889168966E9,5.3583383635778564E8,5.3583383635778564E8,5.3583383635778564E8,5.3583383635778564E8,5.3583383635778564E8,5.3583383635778564E8,0.0,0.0,0.0,2.335895325274682E9,Forecast
2019-01-26T00:00:00.000Z,1.8445084952534807E9,2.883633757024971E8,2.269176164459478E9,1.8445084952534807E9,1.8445084952534807E9,-5.790902971284981E8,-5.790902971284981E8,-5.790902971284981E8,-5.790902971284981E8,-5.790902971284981E8,-5.790902971284981E8,0.0,0.0,0.0,1.2654181981249826E9,Forecast
2019-02-23T00:00:00.000Z,1.8889555016236176E9,8329967.080332858,2.0291567516732612E9,1.8889555016236176E9,1.8889555016236176E9,-8.622870278800879E8,-8.622870278800879E8,-8.622870278800879E8,-8.622870278800879E8,-8.622870278800879E8,-8.622870278800879E8,0.0,0.0,0.0,1.0266684737435298E9,Forecast
2019-03-23T00:00:00.000Z,1.9334025081199477E9,5.80935116358968E8,2.570815554220625E9,1.9334025081199477E9,1.9334025081199477E9,-3.7133040284493625E8,-3.7133040284493625E8,-3.7133040284493625E8,-3.7133040284493625E8,-3.7133040284493625E8,-3.7133040284493625E8,0.0,0.0,0.0,1.5620721052750115E9,Forecast
2019-04-20T00:00:00.000Z,1.9778495146047285E9,-3.718806477278536E7,1.9478432985417507E9,1.9778495146047285E9,1.9778495146047285E9,-1.0059759481980613E9,-1.0059759481980613E9,-1.0059759481980613E9,-1.0059759481980613E9,-1.0059759481980613E9,-1.0059759481980613E9,0.0,0.0,0.0,9.718735664066671E8,Forecast
2019-05-18T00:00:00.000Z,2.0222965210548618E9,1.55930729607497E8,2.2432414487483773E9,2.0222965210548618E9,2.0222965210548618E9,-7.608044693901819E8,-7.608044693901819E8,-7.608044693901819E8,-7.608044693901819E8,-7.608044693901819E8,-7.608044693901819E8,0.0,0.0,0.0,1.26149205166468E9,Forecast
2019-06-15T00:00:00.000Z,2.0667435275213983E9,1.2712810124519522E8,2.126820631394658E9,2.0667435275213983E9,2.0667435275213983E9,-9.491734373124794E8,-9.491734373124794E8,-9.491734373124794E8,-9.491734373124794E8,-9.491734373124794E8,-9.491734373124794E8,0.0,0.0,0.0,1.117570090208919E9,Forecast
2019-07-13T00:00:00.000Z,2.1111905340043385E9,6.263794532815863E8,2.563163818198608E9,2.1111905340043385E9,2.1111905340043385E9,-5.0506900401693493E8,-5.0506900401693493E8,-5.0506900401693493E8,-5.0506900401693493E8,-5.0506900401693493E8,-5.0506900401693493E8,0.0,0.0,0.0,1.6061215299874036E9,Forecast
2019-08-10T00:00:00.000Z,2.155637540390305E9,9.189886176689423E8,2.9455308175966144E9,2.155637540390305E9,2.155637540390305E9,-2.3312768553243375E8,-2.3312768553243375E8,-2.3312768553243375E8,-2.3312768553243375E8,-2.3312768553243375E8,-2.3312768553243375E8,0.0,0.0,0.0,1.9225098548578713E9,Forecast
2019-09-07T00:00:00.000Z,2.200084546768187E9,1.4663712618511248E9,3.521002072478533E9,2.200084546768187E9,2.200084546768187E9,3.437254974631619E8,3.437254974631619E8,3.437254974631619E8,3.437254974631619E8,3.437254974631619E8,3.437254974631619E8,0.0,0.0,0.0,2.543810044231349E9,Forecast
2019-10-05T00:00:00.000Z,2.244531553218791E9,2.9080747528563747E9,4.949608927914318E9,2.244531553218791E9,2.244531553218791E9,1.6971059323947294E9,1.6971059323947294E9,1.6971059323947294E9,1.6971059323947294E9,1.6971059323947294E9,1.6971059323947294E9,0.0,0.0,0.0,3.9416374856135206E9,Forecast
2019-11-02T00:00:00.000Z,2.2889785596563864E9,2.6953184098188176E9,4.768438564536214E9,2.2889785596563864E9,2.2889785596563864E9,1.463220934984539E9,1.463220934984539E9,1.463220934984539E9,1.463220934984539E9,1.463220934984539E9,1.463220934984539E9,0.0,0.0,0.0,3.7521994946409254E9,Forecast
2019-11-30T00:00:00.000Z,2.333425566080974E9,2.5123743268632903E9,4.494481242747605E9,2.333425566080974E9,2.333425566080974E9,1.1968605063803976E9,1.1968605063803976E9,1.1968605063803976E9,1.1968605063803976E9,1.1968605063803976E9,1.1968605063803976E9,0.0,0.0,0.0,3.5302860724613714E9,Forecast
2019-12-28T00:00:00.000Z,2.377872572502626E9,1.8714452901408937E9,3.911788296927977E9,2.377872572502626E9,2.377872572502626E9,5.500741633802041E8,5.500741633802041E8,5.500741633802041E8,5.500741633802041E8,5.500741633802041E8,5.500741633802041E8,0.0,0.0,0.0,2.92794673588283E9,Forecast
2020-01-25T00:00:00.000Z,2.422319578923299E9,9.465489735712495E8,2.957086420693058E9,2.422319578923299E9,2.422319578923299E9,-5.1060235980924445E8,-5.1060235980924445E8,-5.1060235980924445E8,-5.1060235980924445E8,-5.1060235980924445E8,-5.1060235980924445E8,0.0,0.0,0.0,1.9117172191140544E9,Forecast
2020-02-22T00:00:00.000Z,2.4667665852651734E9,6.093228077049885E8,2.628741731592524E9,2.4667665852651734E9,2.4667665852651734E9,-8.858614329229158E8,-8.858614329229158E8,-8.858614329229158E8,-8.858614329229158E8,-8.858614329229158E8,-8.858614329229158E8,0.0,0.0,0.0,1.5809051523422575E9,Forecast
2020-03-21T00:00:00.000Z,2.511213591670466E9,1.0523126165170693E9,3.123313067690928E9,2.511213591670466E9,2.511213591670466E9,-3.8952347784502417E8,-3.8952347784502417E8,-3.8952347784502417E8,-3.8952347784502417E8,-3.8952347784502417E8,-3.8952347784502417E8,0.0,0.0,0.0,2.1216901138254418E9,Forecast
2020-04-18T00:00:00.000Z,2.5556605981391754E9,5.0482197621962136E8,2.568347887152403E9,2.5556605981391754E9,2.5556605981391754E9,-9.596774387798597E8,-9.596774387798597E8,-9.596774387798597E8,-9.596774387798597E8,-9.596774387798597E8,-9.596774387798597E8,0.0,0.0,0.0,1.5959831593593159E9,Forecast
2020-05-16T00:00:00.000Z,2.6001076046183963E9,7.484930210447385E8,2.8331656196365795E9,2.6001076046183963E9,2.6001076046183963E9,-7.779742178611037E8,-7.779742178611037E8,-7.779742178611037E8,-7.779742178611037E8,-7.779742178611037E8,-7.779742178611037E8,0.0,0.0,0.0,1.8221333867572927E9,Forecast
2020-06-13T00:00:00.000Z,2.6445546111011205E9,6.183924805531061E8,2.6689358961524477E9,2.6445546111011205E9,2.6445546111011205E9,-9.715462935551745E8,-9.715462935551745E8,-9.715462935551745E8,-9.715462935551745E8,-9.715462935551745E8,-9.715462935551745E8,0.0,0.0,0.0,1.6730083175459461E9,Forecast
2020-07-11T00:00:00.000Z,2.6890016176210985E9,1.2018823945297801E9,3.1959405412438707E9,2.6890016176210985E9,2.6890016176210985E9,-4.847764175677693E8,-4.847764175677693E8,-4.847764175677693E8,-4.847764175677693E8,-4.847764175677693E8,-4.847764175677693E8,0.0,0.0,0.0,2.2042252000533295E9,Forecast
2020-08-08T00:00:00.000Z,2.7334486241430755E9,1.425266079962958E9,3.5201717042801147E9,2.7334486241430755E9,2.7334486241430755E9,-2.814989819964399E8,-2.814989819964399E8,-2.814989819964399E8,-2.814989819964399E8,-2.814989819964399E8,-2.814989819964399E8,0.0,0.0,0.0,2.4519496421466355E9,Forecast
2020-09-05T00:00:00.000Z,2.77789563067105E9,2.0223900546621966E9,4.1680739151183066E9,2.77789563067105E9,2.77789563067105E9,3.108080381409546E8,3.108080381409546E8,3.108080381409546E8,3.108080381409546E8,3.108080381409546E8,3.108080381409546E8,0.0,0.0,0.0,3.0887036688120046E9,Forecast
2020-10-03T00:00:00.000Z,2.8223426373007407E9,3.4460779629127855E9,5.46073925860713E9,2.8223426373007407E9,2.8223426373007407E9,1.6648761511211498E9,1.6648761511211498E9,1.6648761511211498E9,1.6648761511211498E9,1.6648761511211498E9,1.6648761511211498E9,0.0,0.0,0.0,4.48721878842189E9,Forecast
2020-10-31T00:00:00.000Z,2.8667896439643383E9,3.3323552844546084E9,5.29115389184338E9,2.8667896439643383E9,2.8667896439643383E9,1.4718609325368042E9,1.4718609325368042E9,1.4718609325368042E9,1.4718609325368042E9,1.4718609325368042E9,1.4718609325368042E9,0.0,0.0,0.0,4.3386505765011425E9,Forecast
2020-11-28T00:00:00.000Z,2.911236650559259E9,3.091827352729516E9,5.139727885595316E9,2.911236650559259E9,2.911236650559259E9,1.2320380207691636E9,1.2320380207691636E9,1.2320380207691636E9,1.2320380207691636E9,1.2320380207691636E9,1.2320380207691636E9,0.0,0.0,0.0,4.1432746713284225E9,Forecast
2020-12-26T00:00:00.000Z,2.9556836571494718E9,2.543955963841743E9,4.578361497955369E9,2.9556836571494718E9,2.9556836571494718E9,5.636941067924647E8,5.636941067924647E8,5.636941067924647E8,5.636941067924647E8,5.636941067924647E8,5.636941067924647E8,0.0,0.0,0.0,3.5193777639419365E9,Forecast
2021-01-23T00:00:00.000Z,3.00013066372556E9,1.4943971360930717E9,3.4727070277473965E9,3.00013066372556E9,3.00013066372556E9,-4.398242965941116E8,-4.398242965941116E8,-4.398242965941116E8,-4.398242965941116E8,-4.398242965941116E8,-4.398242965941116E8,0.0,0.0,0.0,2.5603063671314487E9,Forecast
2021-02-20T00:00:00.000Z,3.0445776703793907E9,1.0995054751511877E9,3.128899194801809E9,3.0445776703793907E9,3.0445776703793907E9,-9.09033786185093E8,-9.09033786185093E8,-9.09033786185093E8,-9.09033786185093E8,-9.09033786185093E8,-9.09033786185093E8,0.0,0.0,0.0,2.1355438841942978E9,Forecast
2021-03-20T00:00:00.000Z,3.089024677110964E9,1.6607597026757786E9,3.6800886485876884E9,3.089024677110964E9,3.089024677110964E9,-4.0965259633096594E8,-4.0965259633096594E8,-4.0965259633096594E8,-4.0965259633096594E8,-4.0965259633096594E8,-4.0965259633096594E8,0.0,0.0,0.0,2.679372080779998E9,Forecast
2021-04-17T00:00:00.000Z,3.1334716838753877E9,1.2929185314711921E9,3.1974463748822784E9,3.1334716838753877E9,3.1334716838753877E9,-9.096278897952747E8,-9.096278897952747E8,-9.096278897952747E8,-9.096278897952747E8,-9.096278897952747E8,-9.096278897952747E8,0.0,0.0,0.0,2.223843794080113E9,Forecast
2021-05-15T00:00:00.000Z,3.177918690673975E9,1.3376028775973108E9,3.4001538708046083E9,3.177918690673975E9,3.177918690673975E9,-8.001953380471133E8,-8.001953380471133E8,-8.001953380471133E8,-8.001953380471133E8,-8.001953380471133E8,-8.001953380471133E8,0.0,0.0,0.0,2.3777233526268616E9,Forecast
2021-06-12T00:00:00.000Z,3.222365697575052E9,1.2360265226569579E9,3.2648592873857875E9,3.222365697575052E9,3.222365697575052E9,-9.883098337684163E8,-9.883098337684163E8,-9.883098337684163E8,-9.883098337684163E8,-9.883098337684163E8,-9.883098337684163E8,0.0,0.0,0.0,2.2340558638066354E9,Forecast
2021-07-10T00:00:00.000Z,3.2668127044635973E9,1.7673235290187066E9,3.856646706981583E9,3.2668127044635973E9,3.2668127044635973E9,-4.671596159677591E8,-4.671596159677591E8,-4.671596159677591E8,-4.671596159677591E8,-4.671596159677591E8,-4.671596159677591E8,0.0,0.0,0.0,2.799653088495838E9,Forecast
2021-08-07T00:00:00.000Z,3.31125971133961E9,1.8886428990834846E9,3.9972553266120706E9,3.31125971133961E9,3.31125971133961E9,-3.299406766243206E8,-3.299406766243206E8,-3.299406766243206E8,-3.299406766243206E8,-3.299406766243206E8,-3.299406766243206E8,0.0,0.0,0.0,2.9813190347152896E9,Forecast
2021-09-04T00:00:00.000Z,3.3557067183219423E9,2.592534914906514E9,4.682151380344979E9,3.3557067183219423E9,3.3557067183219423E9,2.8263509155042464E8,2.8263509155042464E8,2.8263509155042464E8,2.8263509155042464E8,2.8263509155042464E8,2.8263509155042464E8,0.0,0.0,0.0,3.638341809872367E9,Forecast
2021-10-02T00:00:00.000Z,3.4001537253195667E9,4.00782660910059E9,6.065339816792287E9,3.4001537253195667E9,3.4001537253195667E9,1.6259530442699628E9,1.6259530442699628E9,1.6259530442699628E9,1.6259530442699628E9,1.6259530442699628E9,1.6259530442699628E9,0.0,0.0,0.0,5.026106769589529E9,Forecast
2021-10-30T00:00:00.000Z,3.444600732256745E9,3.929841257801485E9,5.873055858702852E9,3.444600732256745E9,3.444600732256745E9,1.4827809424901154E9,1.4827809424901154E9,1.4827809424901154E9,1.4827809424901154E9,1.4827809424901154E9,1.4827809424901154E9,0.0,0.0,0.0,4.9273816747468605E9,Forecast
2021-11-27T00:00:00.000Z,3.4890477392713466E9,3.788554070906433E9,5.78005837692721E9,3.4890477392713466E9,3.4890477392713466E9,1.264996689163093E9,1.264996689163093E9,1.264996689163093E9,1.264996689163093E9,1.264996689163093E9,1.264996689163093E9,0.0,0.0,0.0,4.75404442843444E9,Forecast
2021-12-25T00:00:00.000Z,3.5334947463633714E9,3.0543140774070225E9,5.111287571716089E9,3.5334947463633714E9,3.5334947463633714E9,5.772523346827229E8,5.772523346827229E8,5.772523346827229E8,5.772523346827229E8,5.772523346827229E8,5.772523346827229E8,0.0,0.0,0.0,4.1107470810460944E9,Forecast
2022-01-22T00:00:00.000Z,3.5779417533610644E9,2.242057654032706E9,4.1859795491328177E9,3.5779417533610644E9,3.5779417533610644E9,-3.6755626911427855E8,-3.6755626911427855E8,-3.6755626911427855E8,-3.6755626911427855E8,-3.6755626911427855E8,-3.6755626911427855E8,0.0,0.0,0.0,3.210385484246786E9,Forecast
2022-02-19T00:00:00.000Z,3.622388760327315E9,1.678706549811288E9,3.702405765587739E9,3.622388760327315E9,3.622388760327315E9,-9.314064525599409E8,-9.314064525599409E8,-9.314064525599409E8,-9.314064525599409E8,-9.314064525599409E8,-9.314064525599409E8,0.0,0.0,0.0,2.690982307767374E9,Forecast
2022-03-19T00:00:00.000Z,3.666835767293565E9,2.224660046290387E9,4.273557498456542E9,3.666835767293565E9,3.666835767293565E9,-4.3119762015257543E8,-4.3119762015257543E8,-4.3119762015257543E8,-4.3119762015257543E8,-4.3119762015257543E8,-4.3119762015257543E8,0.0,0.0,0.0,3.2356381471409893E9,Forecast
2022-04-16T00:00:00.000Z,3.711282774259815E9,1.8262568433518295E9,3.913478785494907E9,3.711282774259815E9,3.711282774259815E9,-8.568045561100345E8,-8.568045561100345E8,-8.568045561100345E8,-8.568045561100345E8,-8.568045561100345E8,-8.568045561100345E8,0.0,0.0,0.0,2.8544782181497808E9,Forecast
2022-05-14T00:00:00.000Z,3.755729781226065E9,1.9344105755195692E9,3.925280461479043E9,3.755729781226065E9,3.755729781226065E9,-8.269136192691078E8,-8.269136192691078E8,-8.269136192691078E8,-8.269136192691078E8,-8.269136192691078E8,-8.269136192691078E8,0.0,0.0,0.0,2.9288161619569573E9,Forecast
2022-06-11T00:00:00.000Z,3.800176788192315E9,1.810157882943103E9,3.896299914855226E9,3.800176788192315E9,3.800176788192315E9,-9.992069890069336E8,-9.992069890069336E8,-9.992069890069336E8,-9.992069890069336E8,-9.992069890069336E8,-9.992069890069336E8,0.0,0.0,0.0,2.8009697991853814E9,Forecast
2022-07-09T00:00:00.000Z,3.8446237951585646E9,2.3578321142371564E9,4.404629201368528E9,3.8446237951585646E9,3.8446237951585646E9,-4.530417708579851E8,-4.530417708579851E8,-4.530417708579851E8,-4.530417708579851E8,-4.530417708579851E8,-4.530417708579851E8,0.0,0.0,0.0,3.3915820243005795E9,Forecast
2022-08-06T00:00:00.000Z,3.889070802124815E9,2.5571103154847503E9,4.580464731232408E9,3.889070802124815E9,3.889070802124815E9,-3.776283260840165E8,-3.776283260840165E8,-3.776283260840165E8,-3.776283260840165E8,-3.776283260840165E8,-3.776283260840165E8,0.0,0.0,0.0,3.5114424760407987E9,Forecast
2022-09-03T00:00:00.000Z,3.9335178090910654E9,3.140128489095149E9,5.187875817924535E9,3.9335178090910654E9,3.9335178090910654E9,2.5875913401195544E8,2.5875913401195544E8,2.5875913401195544E8,2.5875913401195544E8,2.5875913401195544E8,2.5875913401195544E8,0.0,0.0,0.0,4.1922769431030207E9,Forecast
2022-10-01T00:00:00.000Z,3.977964816057316E9,4.497556171352461E9,6.498141928359664E9,3.977964816057316E9,3.977964816057316E9,1.5805287064347332E9,1.5805287064347332E9,1.5805287064347332E9,1.5805287064347332E9,1.5805287064347332E9,1.5805287064347332E9,0.0,0.0,0.0,5.558493522492049E9,Forecast
2022-10-29T00:00:00.000Z,4.0224118230235653E9,4.490525509963622E9,6.531109275264395E9,4.0224118230235653E9,4.0224118230235653E9,1.4960402405898268E9,1.4960402405898268E9,1.4960402405898268E9,1.4960402405898268E9,1.4960402405898268E9,1.4960402405898268E9,0.0,0.0,0.0,5.518452063613392E9,Forecast
2022-11-26T00:00:00.000Z,4.066858829989815E9,4.355799411246461E9,6.351803324383746E9,4.0668588293686075E9,4.066858830785421E9,1.2954431018990932E9,1.2954431018990932E9,1.2954431018990932E9,1.2954431018990932E9,1.2954431018990932E9,1.2954431018990932E9,0.0,0.0,0.0,5.362301931888908E9,Forecast
2022-12-24T00:00:00.000Z,4.111305836956065E9,3.6626126285403132E9,5.70892830921078E9,4.111305834079335E9,4.11130584005196E9,5.912781050167089E8,5.912781050167089E8,5.912781050167089E8,5.912781050167089E8,5.912781050167089E8,5.912781050167089E8,0.0,0.0,0.0,4.7025839419727745E9,Forecast
2023-01-21T00:00:00.000Z,4.1557528439223156E9,2.831463554067125E9,4.947905335699531E9,4.1557528378690643E9,4.1557528507402654E9,-2.946133002562867E8,-2.946133002562867E8,-2.946133002562867E8,-2.946133002562867E8,-2.946133002562867E8,-2.946133002562867E8,0.0,0.0,0.0,3.861139543666029E9,Forecast
2023-02-18T00:00:00.000Z,4.200199850888566E9,2.206558897265605E9,4.2583647974937267E9,4.2001998407460556E9,4.200199861362314E9,-9.525206381266572E8,-9.525206381266572E8,-9.525206381266572E8,-9.525206381266572E8,-9.525206381266572E8,-9.525206381266572E8,0.0,0.0,0.0,3.2476792127619085E9,Forecast
2023-03-18T00:00:00.000Z,4.244646857854816E9,2.8226395266711082E9,4.8101216793013E9,4.244646843483778E9,4.2446468729063606E9,-4.536849925264535E8,-4.536849925264535E8,-4.536849925264535E8,-4.536849925264535E8,-4.536849925264535E8,-4.536849925264535E8,0.0,0.0,0.0,3.7909618653283625E9,Forecast
2023-04-15T00:00:00.000Z,4.2890938648210654E9,2.462776477639538E9,4.479166754435876E9,4.2890938457143025E9,4.2890938844451504E9,-8.022337039630889E8,-8.022337039630889E8,-8.022337039630889E8,-8.022337039630889E8,-8.022337039630889E8,-8.022337039630889E8,0.0,0.0,0.0,3.4868601608579764E9,Forecast
2018-10-20T00:00:00.000Z,1.6889439730401917E9,2.3442665129785457E9,4.431696874253031E9,1.6889439730401917E9,1.6889439730401917E9,1.6451414412144694E9,1.6451414412144694E9,1.6451414412144694E9,1.6451414412144694E9,1.6451414412144694E9,1.6451414412144694E9,0.0,0.0,0.0,3.334085414254661E9,Forecast
2018-11-17T00:00:00.000Z,1.733390979438524E9,2.1481973061163077E9,4.1704113655137396E9,1.733390979438524E9,1.733390979438524E9,1.428495692549688E9,1.428495692549688E9,1.428495692549688E9,1.428495692549688E9,1.428495692549688E9,1.428495692549688E9,0.0,0.0,0.0,3.161886671988212E9,Forecast
2018-12-15T00:00:00.000Z,1.7778379857653806E9,1.4734391627476342E9,3.513473910350657E9,1.7778379857653806E9,1.7778379857653806E9,7.413405134430077E8,7.413405134430077E8,7.413405134430077E8,7.413405134430077E8,7.413405134430077E8,7.413405134430077E8,0.0,0.0,0.0,2.5191784992083883E9,Forecast
2019-01-12T00:00:00.000Z,1.822284992068412E9,9.745254186243598E8,3.006469111172107E9,1.822284992068412E9,1.822284992068412E9,1.8294630247604808E8,1.8294630247604808E8,1.8294630247604808E8,1.8294630247604808E8,1.8294630247604808E8,1.8294630247604808E8,0.0,0.0,0.0,2.00523129454446E9,Forecast
2019-02-09T00:00:00.000Z,1.866731998438549E9,-1.7515249282698065E8,1.8862261851660964E9,1.866731998438549E9,1.866731998438549E9,-1.0184587748213776E9,-1.0184587748213776E9,-1.0184587748213776E9,-1.0184587748213776E9,-1.0184587748213776E9,-1.0184587748213776E9,0.0,0.0,0.0,8.482732236171714E8,Forecast
2019-03-09T00:00:00.000Z,1.9111790048717825E9,3.1664379559475493E8,2.350485292017061E9,1.9111790048717825E9,1.9111790048717825E9,-6.160910245818325E8,-6.160910245818325E8,-6.160910245818325E8,-6.160910245818325E8,-6.160910245818325E8,-6.160910245818325E8,0.0,0.0,0.0,1.29508798028995E9,Forecast
2019-04-06T00:00:00.000Z,1.9556260113681128E9,4.6888815969591326E8,2.469256447576692E9,1.9556260113681128E9,1.9556260113681128E9,-4.475896029002307E8,-4.475896029002307E8,-4.475896029002307E8,-4.475896029002307E8,-4.475896029002307E8,-4.475896029002307E8,0.0,0.0,0.0,1.5080364084678822E9,Forecast
2019-05-04T00:00:00.000Z,2.0000730178297951E9,-1.0616675553793004E8,1.929511947579448E9,2.0000730178297951E9,2.0000730178297951E9,-1.102050900787303E9,-1.102050900787303E9,-1.102050900787303E9,-1.102050900787303E9,-1.102050900787303E9,-1.102050900787303E9,0.0,0.0,0.0,8.980221170424922E8,Forecast
2019-06-01T00:00:00.000Z,2.0445200242799282E9,1.018939109020524E8,2.1767212349146605E9,2.0445200242799282E9,2.0445200242799282E9,-8.957240463630277E8,-8.957240463630277E8,-8.957240463630277E8,-8.957240463630277E8,-8.957240463630277E8,-8.957240463630277E8,0.0,0.0,0.0,1.1487959779169006E9,Forecast
2019-06-29T00:00:00.000Z,2.0889670307628684E9,5.503205374230927E8,2.5572436722329974E9,2.0889670307628684E9,2.0889670307628684E9,-5.2869585778032094E8,-5.2869585778032094E8,-5.2869585778032094E8,-5.2869585778032094E8,-5.2869585778032094E8,-5.2869585778032094E8,0.0,0.0,0.0,1.5602711729825475E9,Forecast
2019-07-27T00:00:00.000Z,2.1334140372134845E9,4.850055477566475E8,2.488791620562737E9,2.1334140372134845E9,2.1334140372134845E9,-6.432751644354368E8,-6.432751644354368E8,-6.432751644354368E8,-6.432751644354368E8,-6.432751644354368E8,-6.432751644354368E8,0.0,0.0,0.0,1.4901388727780476E9,Forecast
2019-08-24T00:00:00.000Z,2.177861043567126E9,1.2661953256098008E9,3.378412914196368E9,2.177861043567126E9,2.177861043567126E9,1.390972895305195E8,1.390972895305195E8,1.390972895305195E8,1.390972895305195E8,1.390972895305195E8,1.390972895305195E8,0.0,0.0,0.0,2.3169583330976453E9,Forecast
2019-09-21T00:00:00.000Z,2.222308049993489E9,2.219369911904898E9,4.2635647294815984E9,2.222308049993489E9,2.222308049993489E9,1.0296388849693415E9,1.0296388849693415E9,1.0296388849693415E9,1.0296388849693415E9,1.0296388849693415E9,1.0296388849693415E9,0.0,0.0,0.0,3.2519469349628305E9,Forecast
2019-10-19T00:00:00.000Z,2.2667550564440928E9,2.8909655333771863E9,4.985017402894473E9,2.2667550564440928E9,2.2667550564440928E9,1.6683890199650548E9,1.6683890199650548E9,1.6683890199650548E9,1.6683890199650548E9,1.6683890199650548E9,1.6683890199650548E9,0.0,0.0,0.0,3.9351440764091473E9,Forecast
2019-11-16T00:00:00.000Z,2.3112020628686805E9,2.741619330403806E9,4.855933554872847E9,2.3112020628686805E9,2.3112020628686805E9,1.4355450089786394E9,1.4355450089786394E9,1.4355450089786394E9,1.4355450089786394E9,1.4355450089786394E9,1.4355450089786394E9,0.0,0.0,0.0,3.7467470718473196E9,Forecast
2019-12-14T00:00:00.000Z,2.3556490692922893E9,2.0250573442557106E9,4.1387273330992002E9,2.3556490692922893E9,2.3556490692922893E9,7.716011220436884E8,7.716011220436884E8,7.716011220436884E8,7.716011220436884E8,7.716011220436884E8,7.716011220436884E8,0.0,0.0,0.0,3.1272501913359776E9,Forecast
2020-01-11T00:00:00.000Z,2.4000960757129626E9,1.5683784878006406E9,3.7450748655570507E9,2.4000960757129626E9,2.4000960757129626E9,2.353148071125934E8,2.353148071125934E8,2.353148071125934E8,2.353148071125934E8,2.353148071125934E8,2.353148071125934E8,0.0,0.0,0.0,2.635410882825556E9,Forecast
2020-02-08T00:00:00.000Z,2.444543082094236E9,4.1634426355516064E8,2.486134312942077E9,2.444543082094236E9,2.444543082094236E9,-1.0089933412025582E9,-1.0089933412025582E9,-1.0089933412025582E9,-1.0089933412025582E9,-1.0089933412025582E9,-1.0089933412025582E9,0.0,0.0,0.0,1.4355497408916779E9,Forecast
2020-03-07T00:00:00.000Z,2.488990088436111E9,8.55381084597976E8,2.9021904675931597E9,2.488990088436111E9,2.488990088436111E9,-6.372500289692088E8,-6.372500289692088E8,-6.372500289692088E8,-6.372500289692088E8,-6.372500289692088E8,-6.372500289692088E8,0.0,0.0,0.0,1.8517400594669023E9,Forecast
2020-04-04T00:00:00.000Z,2.5334370949048204E9,1.0708335943000686E9,3.121894092723162E9,2.5334370949048204E9,2.5334370949048204E9,-4.139365308746378E8,-4.139365308746378E8,-4.139365308746378E8,-4.139365308746378E8,-4.139365308746378E8,-4.139365308746378E8,0.0,0.0,0.0,2.1195005640301826E9,Forecast
2020-05-02T00:00:00.000Z,2.577884101377034E9,4.24283563831559E8,2.382739542585574E9,2.577884101377034E9,2.577884101377034E9,-1.1263201276049943E9,-1.1263201276049943E9,-1.1263201276049943E9,-1.1263201276049943E9,-1.1263201276049943E9,-1.1263201276049943E9,0.0,0.0,0.0,1.45156397377204E9,Forecast
2020-05-30T00:00:00.000Z,2.6223311078597584E9,7.315331023292592E8,2.722564045002642E9,2.6223311078597584E9,2.6223311078597584E9,-8.695282334667748E8,-8.695282334667748E8,-8.695282334667748E8,-8.695282334667748E8,-8.695282334667748E8,-8.695282334667748E8,0.0,0.0,0.0,1.7528028743929834E9,Forecast
2020-06-27T00:00:00.000Z,2.6667781143611093E9,1.0674665957374612E9,3.152618184830614E9,2.6667781143611093E9,2.6667781143611093E9,-5.616357693123968E8,-5.616357693123968E8,-5.616357693123968E8,-5.616357693123968E8,-5.616357693123968E8,-5.616357693123968E8,0.0,0.0,0.0,2.1051423450487125E9,Forecast
2020-07-25T00:00:00.000Z,2.711225120881088E9,9.231326024519056E8,3.068993403147694E9,2.711225120881088E9,2.711225120881088E9,-6.521137091593943E8,-6.521137091593943E8,-6.521137091593943E8,-6.521137091593943E8,-6.521137091593943E8,-6.521137091593943E8,0.0,0.0,0.0,2.0591114117216935E9,Forecast
2020-08-22T00:00:00.000Z,2.755672127407063E9,1.8331770741589143E9,3.936510849130584E9,2.755672127407063E9,2.755672127407063E9,1.2216248311449373E8,1.2216248311449373E8,1.2216248311449373E8,1.2216248311449373E8,1.2216248311449373E8,1.2216248311449373E8,0.0,0.0,0.0,2.877834610521557E9,Forecast
2020-09-19T00:00:00.000Z,2.8001191339689426E9,2.7171368710116205E9,4.732783330743924E9,2.8001191339689426E9,2.8001191339689426E9,9.527038140548974E8,9.527038140548974E8,9.527038140548974E8,9.527038140548974E8,9.527038140548974E8,9.527038140548974E8,0.0,0.0,0.0,3.75282294802384E9,Forecast
2020-10-17T00:00:00.000Z,2.8445661406325397E9,3.458030258640091E9,5.508797208532607E9,2.8445661406325397E9,2.8445661406325397E9,1.6904961182955148E9,1.6904961182955148E9,1.6904961182955148E9,1.6904961182955148E9,1.6904961182955148E9,1.6904961182955148E9,0.0,0.0,0.0,4.535062258928055E9,Forecast
2020-11-14T00:00:00.000Z,2.8890131472617984E9,3.3615119633477836E9,5.312765733247896E9,2.8890131472617984E9,2.8890131472617984E9,1.4404584683544421E9,1.4404584683544421E9,1.4404584683544421E9,1.4404584683544421E9,1.4404584683544421E9,1.4404584683544421E9,0.0,0.0,0.0,4.3294716156162405E9,Forecast
2020-12-12T00:00:00.000Z,2.93346015385672E9,2.6516461959374094E9,4.722952760149579E9,2.93346015385672E9,2.93346015385672E9,8.041747693441159E8,8.041747693441159E8,8.041747693441159E8,8.041747693441159E8,8.041747693441159E8,8.041747693441159E8,0.0,0.0,0.0,3.7376349232008357E9,Forecast
2021-01-09T00:00:00.000Z,2.977907160437516E9,2.283414701863758E9,4.254485429833779E9,2.977907160437516E9,2.977907160437516E9,2.832009638196074E8,2.832009638196074E8,2.832009638196074E8,2.832009638196074E8,2.832009638196074E8,2.832009638196074E8,0.0,0.0,0.0,3.2611081242571235E9,Forecast
2021-02-06T00:00:00.000Z,3.0223541670136046E9,9.977926277564667E8,3.0131028725586944E9,3.0223541670136046E9,3.0223541670136046E9,-9.936894863805743E8,-9.936894863805743E8,-9.936894863805743E8,-9.936894863805743E8,-9.936894863805743E8,-9.936894863805743E8,0.0,0.0,0.0,2.0286646806330304E9,Forecast
2021-03-06T00:00:00.000Z,3.0668011737451773E9,1.377558252815667E9,3.3948364625750737E9,3.0668011737451773E9,3.0668011737451773E9,-6.58201722106314E8,-6.58201722106314E8,-6.58201722106314E8,-6.58201722106314E8,-6.58201722106314E8,-6.58201722106314E8,0.0,0.0,0.0,2.4085994516388636E9,Forecast
2021-04-03T00:00:00.000Z,3.111248180493176E9,1.721178077387279E9,3.7576789986793003E9,3.111248180493176E9,3.111248180493176E9,-3.857359104546325E8,-3.857359104546325E8,-3.857359104546325E8,-3.857359104546325E8,-3.857359104546325E8,-3.857359104546325E8,0.0,0.0,0.0,2.7255122700385437E9,Forecast
2021-05-01T00:00:00.000Z,3.1556951872575994E9,9.589440120978805E8,3.0095602251067066E9,3.1556951872575994E9,3.1556951872575994E9,-1.1452772141933968E9,-1.1452772141933968E9,-1.1452772141933968E9,-1.1452772141933968E9,-1.1452772141933968E9,-1.1452772141933968E9,0.0,0.0,0.0,2.0104179730642025E9,Forecast
2021-05-29T00:00:00.000Z,3.2001421941245136E9,1.284312302982882E9,3.272235300522497E9,3.2001421941245136E9,3.2001421941245136E9,-8.43497373094427E8,-8.43497373094427E8,-8.43497373094427E8,-8.43497373094427E8,-8.43497373094427E8,-8.43497373094427E8,0.0,0.0,0.0,2.3566448210300865E9,Forecast
2021-06-26T00:00:00.000Z,3.2445892010255904E9,1.5795043022234256E9,3.711204467568014E9,3.2445892010255904E9,3.2445892010255904E9,-5.982836753517078E8,-5.982836753517078E8,-5.982836753517078E8,-5.982836753517078E8,-5.982836753517078E8,-5.982836753517078E8,0.0,0.0,0.0,2.6463055256738825E9,Forecast
2021-07-24T00:00:00.000Z,3.289036207901603E9,1.6459032499831805E9,3.5925978511866784E9,3.289036207901603E9,3.289036207901603E9,-6.55226123125855E8,-6.55226123125855E8,-6.55226123125855E8,-6.55226123125855E8,-6.55226123125855E8,-6.55226123125855E8,0.0,0.0,0.0,2.6338100847757483E9,Forecast
2021-08-21T00:00:00.000Z,3.333483214813056E9,2.3507740199949603E9,4.4470090535536175E9,3.333483214813056E9,3.333483214813056E9,1.024857309279759E8,1.024857309279759E8,1.024857309279759E8,1.024857309279759E8,1.024857309279759E8,1.024857309279759E8,0.0,0.0,0.0,3.4359689457410316E9,Forecast
2021-09-18T00:00:00.000Z,3.3779302218308287E9,3.1686956754997354E9,5.31815446415771E9,3.3779302218308287E9,3.3779302218308287E9,8.766896721661996E8,8.766896721661996E8,8.766896721661996E8,8.766896721661996E8,8.766896721661996E8,8.766896721661996E8,0.0,0.0,0.0,4.2546198939970284E9,Forecast
2021-10-16T00:00:00.000Z,3.4223772287881556E9,4.1574859071812916E9,6.211671487390586E9,3.4223772287881556E9,3.4223772287881556E9,1.710768108243321E9,1.710768108243321E9,1.710768108243321E9,1.710768108243321E9,1.710768108243321E9,1.710768108243321E9,0.0,0.0,0.0,5.133145337031477E9,Forecast
2021-11-13T00:00:00.000Z,3.466824235725334E9,3.8544474764675083E9,5.956509222523469E9,3.466824235725334E9,3.466824235725334E9,1.4435936943791656E9,1.4435936943791656E9,1.4435936943791656E9,1.4435936943791656E9,1.4435936943791656E9,1.4435936943791656E9,0.0,0.0,0.0,4.9104179301045E9,Forecast
2021-12-11T00:00:00.000Z,3.5112712428173585E9,3.3169562412511125E9,5.415471293775485E9,3.5112712428173585E9,3.5112712428173585E9,8.388698887513628E8,8.388698887513628E8,8.388698887513628E8,8.388698887513628E8,8.388698887513628E8,8.388698887513628E8,0.0,0.0,0.0,4.350141131568722E9,Forecast
2022-01-08T00:00:00.000Z,3.55571824987794E9,2.8618583404877152E9,4.952495628385536E9,3.55571824987794E9,3.55571824987794E9,3.265270245301747E8,3.265270245301747E8,3.265270245301747E8,3.265270245301747E8,3.265270245301747E8,3.265270245301747E8,0.0,0.0,0.0,3.882245274408115E9,Forecast
2022-02-05T00:00:00.000Z,3.6001652568441896E9,1.5659968216863575E9,3.6334832395700016E9,3.6001652568441896E9,3.6001652568441896E9,-9.723220113573465E8,-9.723220113573465E8,-9.723220113573465E8,-9.723220113573465E8,-9.723220113573465E8,-9.723220113573465E8,0.0,0.0,0.0,2.627843245486843E9,Forecast
2022-03-05T00:00:00.000Z,3.6446122638104396E9,1.9402983344532673E9,3.9687563682565455E9,3.6446122638104396E9,3.6446122638104396E9,-6.790922950654919E8,-6.790922950654919E8,-6.790922950654919E8,-6.790922950654919E8,-6.790922950654919E8,-6.790922950654919E8,0.0,0.0,0.0,2.9655199687449474E9,Forecast
2022-04-02T00:00:00.000Z,3.68905927077669E9,2.384536857486008E9,4.36619212017298E9,3.68905927077669E9,3.68905927077669E9,-3.631812043225082E8,-3.631812043225082E8,-3.631812043225082E8,-3.631812043225082E8,-3.631812043225082E8,-3.631812043225082E8,0.0,0.0,0.0,3.3258780664541817E9,Forecast
2022-04-30T00:00:00.000Z,3.73350627774294E9,1.5925862453678942E9,3.5781493472251143E9,3.73350627774294E9,3.73350627774294E9,-1.1582140410032687E9,-1.1582140410032687E9,-1.1582140410032687E9,-1.1582140410032687E9,-1.1582140410032687E9,-1.1582140410032687E9,0.0,0.0,0.0,2.575292236739671E9,Forecast
2022-05-28T00:00:00.000Z,3.7779532847091904E9,1.9155070298572247E9,4.041749544242159E9,3.7779532847091904E9,3.7779532847091904E9,-8.186457551312304E8,-8.186457551312304E8,-8.186457551312304E8,-8.186457551312304E8,-8.186457551312304E8,-8.186457551312304E8,0.0,0.0,0.0,2.95930752957796E9,Forecast
2022-06-25T00:00:00.000Z,3.8224002916754403E9,2.231612105932567E9,4.2404512138810496E9,3.8224002916754403E9,3.8224002916754403E9,-6.378282422810435E8,-6.378282422810435E8,-6.378282422810435E8,-6.378282422810435E8,-6.378282422810435E8,-6.378282422810435E8,0.0,0.0,0.0,3.184572049394397E9,Forecast
2022-07-23T00:00:00.000Z,3.86684729864169E9,2.1668257582470546E9,4.29665872378942E9,3.86684729864169E9,3.86684729864169E9,-6.528547747920495E8,-6.528547747920495E8,-6.528547747920495E8,-6.528547747920495E8,-6.528547747920495E8,-6.528547747920495E8,0.0,0.0,0.0,3.2139925238496404E9,Forecast
2022-08-20T00:00:00.000Z,3.91129430560794E9,2.9908948198843493E9,4.955247239650849E9,3.91129430560794E9,3.91129430560794E9,7.964518251087338E7,7.964518251087338E7,7.964518251087338E7,7.964518251087338E7,7.964518251087338E7,7.964518251087338E7,0.0,0.0,0.0,3.9909394881188135E9,Forecast
2022-09-17T00:00:00.000Z,3.9557413125741906E9,3.7533597435219455E9,5.767811245183742E9,3.9557413125741906E9,3.9557413125741906E9,8.024745329119644E8,8.024745329119644E8,8.024745329119644E8,8.024745329119644E8,8.024745329119644E8,8.024745329119644E8,0.0,0.0,0.0,4.758215845486155E9,Forecast
2022-10-15T00:00:00.000Z,4.00018831954044E9,4.719598562411937E9,6.705432293459096E9,4.00018831954044E9,4.00018831954044E9,1.728495939703436E9,1.728495939703436E9,1.728495939703436E9,1.728495939703436E9,1.728495939703436E9,1.728495939703436E9,0.0,0.0,0.0,5.7286842592438755E9,Forecast
2022-11-12T00:00:00.000Z,4.0446353265066905E9,4.522531806350744E9,6.4055030764894E9,4.0446353264549074E9,4.044635326583419E9,1.4453482811615794E9,1.4453482811615794E9,1.4453482811615794E9,1.4453482811615794E9,1.4453482811615794E9,1.4453482811615794E9,0.0,0.0,0.0,5.48998360766827E9,Forecast
2022-12-10T00:00:00.000Z,4.089082333472941E9,3.965249142850433E9,6.116518979728323E9,4.089082331880848E9,4.089082335397119E9,8.754286013189679E8,8.754286013189679E8,8.754286013189679E8,8.754286013189679E8,8.754286013189679E8,8.754286013189679E8,0.0,0.0,0.0,4.964510934791909E9,Forecast
2023-01-07T00:00:00.000Z,4.1335293404391904E9,3.543287784278403E9,5.521299181505853E9,4.1335293361238365E9,4.1335293451220155E9,3.6532560762899107E8,3.6532560762899107E8,3.6532560762899107E8,3.6532560762899107E8,3.6532560762899107E8,3.6532560762899107E8,0.0,0.0,0.0,4.498854948068181E9,Forecast
2023-02-04T00:00:00.000Z,4.177976347405441E9,2.2242114301538973E9,4.2881437891699786E9,4.1779763393330235E9,4.177976356172489E9,-9.447706202397678E8,-9.447706202397678E8,-9.447706202397678E8,-9.447706202397678E8,-9.447706202397678E8,-9.447706202397678E8,0.0,0.0,0.0,3.2332057271656733E9,Forecast
2023-03-04T00:00:00.000Z,4.222423354371691E9,2.406966236003325E9,4.5590716451009445E9,4.2224233417767286E9,4.222423367325509E9,-7.000767668210102E8,-7.000767668210102E8,-7.000767668210102E8,-7.000767668210102E8,-7.000767668210102E8,-7.000767668210102E8,0.0,0.0,0.0,3.522346587550681E9,Forecast
2023-04-01T00:00:00.000Z,4.2668703613379407E9,2.9460884979049745E9,4.889290279979055E9,4.26687034413156E9,4.2668703787787786E9,-3.463265327094228E8,-3.463265327094228E8,-3.463265327094228E8,-3.463265327094228E8,-3.463265327094228E8,-3.463265327094228E8,0.0,0.0,0.0,3.920543828628518E9,Forecast
2023-04-29T00:00:00.000Z,4.311317368304191E9,2.1269241916814873E9,4.1219538629837E9,4.311317347119375E9,4.311317391441355E9,-1.1645739649911487E9,-1.1645739649911487E9,-1.1645739649911487E9,-1.1645739649911487E9,-1.1645739649911487E9,-1.1645739649911487E9,0.0,0.0,0.0,3.1467434033130417E9,Forecast
2018-10-27T00:00:00.000Z,1.7000557246397748E9,2.1999748393322387E9,4.156782233731066E9,1.7000557246397748E9,1.7000557246397748E9,1.52201336377185E9,1.52201336377185E9,1.52201336377185E9,1.52201336377185E9,1.52201336377185E9,1.52201336377185E9,0.0,0.0,0.0,3.222069088411625E9,Forecast
2018-11-24T00:00:00.000Z,1.7445027310381067E9,2.0317211355141368E9,4.08487800616446E9,1.7445027310381067E9,1.7445027310381067E9,1.338366618708544E9,1.338366618708544E9,1.338366618708544E9,1.338366618708544E9,1.338366618708544E9,1.338366618708544E9,0.0,0.0,0.0,3.0828693497466507E9,Forecast
2018-12-22T00:00:00.000Z,1.7889497373411384E9,1.4018864770289373E9,3.4226682465020075E9,1.7889497373411384E9,1.7889497373411384E9,6.158869802134124E8,6.158869802134124E8,6.158869802134124E8,6.158869802134124E8,6.158869802134124E8,6.158869802134124E8,0.0,0.0,0.0,2.4048367175545506E9,Forecast
2019-01-19T00:00:00.000Z,1.8333967436609466E9,6.783960740554657E8,2.674475907522441E9,1.8333967436609466E9,1.8333967436609466E9,-1.7851549522725365E8,-1.7851549522725365E8,-1.7851549522725365E8,-1.7851549522725365E8,-1.7851549522725365E8,-1.7851549522725365E8,0.0,0.0,0.0,1.654881248433693E9,Forecast
2019-02-16T00:00:00.000Z,1.877843750031083E9,-2.2004331519058415E8,1.8507316873368635E9,1.877843750031083E9,1.877843750031083E9,-9.824006611270514E8,-9.824006611270514E8,-9.824006611270514E8,-9.824006611270514E8,-9.824006611270514E8,-9.824006611270514E8,0.0,0.0,0.0,8.954430889040318E8,Forecast
2019-03-16T00:00:00.000Z,1.922290756495865E9,4.305351061358259E8,2.468119894666894E9,1.922290756495865E9,1.922290756495865E9,-4.906164202131039E8,-4.906164202131039E8,-4.906164202131039E8,-4.906164202131039E8,-4.906164202131039E8,-4.906164202131039E8,0.0,0.0,0.0,1.431674336282761E9,Forecast
2019-04-13T00:00:00.000Z,1.966737762992195E9,1.7747504734883815E8,2.2296930360360227E9,1.966737762992195E9,1.966737762992195E9,-7.138959714671102E8,-7.138959714671102E8,-7.138959714671102E8,-7.138959714671102E8,-7.138959714671102E8,-7.138959714671102E8,0.0,0.0,0.0,1.2528417915250847E9,Forecast
2019-05-11T00:00:00.000Z,2.0111847694423282E9,7.916727700683974E7,2.1211084659782763E9,2.0111847694423282E9,2.0111847694423282E9,-9.119834347125977E8,-9.119834347125977E8,-9.119834347125977E8,-9.119834347125977E8,-9.119834347125977E8,-9.119834347125977E8,0.0,0.0,0.0,1.0992013347297306E9,Forecast
2019-06-08T00:00:00.000Z,2.0556317759006634E9,4.395143032081375E7,2.126309002571121E9,2.0556317759006634E9,2.0556317759006634E9,-1.0000033414575808E9,-1.0000033414575808E9,-1.0000033414575808E9,-1.0000033414575808E9,-1.0000033414575808E9,-1.0000033414575808E9,0.0,0.0,0.0,1.0556284344430826E9,Forecast
2019-07-06T00:00:00.000Z,2.1000787823836036E9,6.696877711176263E8,2.67551115881194E9,2.1000787823836036E9,2.1000787823836036E9,-4.375139615155637E8,-4.375139615155637E8,-4.375139615155637E8,-4.375139615155637E8,-4.375139615155637E8,-4.375139615155637E8,0.0,0.0,0.0,1.6625648208680398E9,Forecast
2019-08-03T00:00:00.000Z,2.1445257888018947E9,6.316835778956298E8,2.6688620872550726E9,2.1445257888018947E9,2.1445257888018947E9,-4.9213445010563576E8,-4.9213445010563576E8,-4.9213445010563576E8,-4.9213445010563576E8,-4.9213445010563576E8,-4.9213445010563576E8,0.0,0.0,0.0,1.652391338696259E9,Forecast
2019-08-31T00:00:00.000Z,2.188972795155536E9,1.3745514689545765E9,3.4448670353240848E9,2.188972795155536E9,2.188972795155536E9,2.1255153756038147E8,2.1255153756038147E8,2.1255153756038147E8,2.1255153756038147E8,2.1255153756038147E8,2.1255153756038147E8,0.0,0.0,0.0,2.4015243327159176E9,Forecast
2019-09-28T00:00:00.000Z,2.2334198016061397E9,2.7111279873532934E9,4.670541054887497E9,2.2334198016061397E9,2.2334198016061397E9,1.4346583914016469E9,1.4346583914016469E9,1.4346583914016469E9,1.4346583914016469E9,1.4346583914016469E9,1.4346583914016469E9,0.0,0.0,0.0,3.6680781930077868E9,Forecast
2019-10-26T00:00:00.000Z,2.2778668080502396E9,2.772086436155942E9,4.826752908308647E9,2.2778668080502396E9,2.2778668080502396E9,1.5409881522394586E9,1.5409881522394586E9,1.5409881522394586E9,1.5409881522394586E9,1.5409881522394586E9,1.5409881522394586E9,0.0,0.0,0.0,3.818854960289698E9,Forecast
2019-11-23T00:00:00.000Z,2.3223138144748273E9,2.756904825214319E9,4.726504492615192E9,2.3223138144748273E9,2.3223138144748273E9,1.3613369734352832E9,1.3613369734352832E9,1.3613369734352832E9,1.3613369734352832E9,1.3613369734352832E9,1.3613369734352832E9,0.0,0.0,0.0,3.6836507879101105E9,Forecast
2019-12-21T00:00:00.000Z,2.3667608208974576E9,2.0202964278257031E9,4.004197861293281E9,2.3667608208974576E9,2.3667608208974576E9,6.33268151157929E8,6.33268151157929E8,6.33268151157929E8,6.33268151157929E8,6.33268151157929E8,6.33268151157929E8,0.0,0.0,0.0,3.0000289720553865E9,Forecast
2020-01-18T00:00:00.000Z,2.411207827318131E9,1.2555634496320832E9,3.3544207491904597E9,2.411207827318131E9,2.411207827318131E9,-1.0754524673703662E8,-1.0754524673703662E8,-1.0754524673703662E8,-1.0754524673703662E8,-1.0754524673703662E8,-1.0754524673703662E8,0.0,0.0,0.0,2.3036625805810943E9,Forecast
2020-02-15T00:00:00.000Z,2.455654833679705E9,4.0116159796314394E8,2.447810836781291E9,2.455654833679705E9,2.455654833679705E9,-9.977734405280508E8,-9.977734405280508E8,-9.977734405280508E8,-9.977734405280508E8,-9.977734405280508E8,-9.977734405280508E8,0.0,0.0,0.0,1.4578813931516542E9,Forecast
2020-03-14T00:00:00.000Z,2.5001018400532885E9,9.957349241048118E8,3.064864486620364E9,2.5001018400532885E9,2.5001018400532885E9,-5.137892696081385E8,-5.137892696081385E8,-5.137892696081385E8,-5.137892696081385E8,-5.137892696081385E8,-5.137892696081385E8,0.0,0.0,0.0,1.98631257044515E9,Forecast
2020-04-11T00:00:00.000Z,2.544548846521998E9,1.0005419716939998E9,2.8774337934388695E9,2.544548846521998E9,2.544548846521998E9,-6.596499904072534E8,-6.596499904072534E8,-6.596499904072534E8,-6.596499904072534E8,-6.596499904072534E8,-6.596499904072534E8,0.0,0.0,0.0,1.8848988561147447E9,Forecast
2020-05-09T00:00:00.000Z,2.5889958529977155E9,6.055150490177078E8,2.6987829172124734E9,2.5889958529977155E9,2.5889958529977155E9,-9.481592269361464E8,-9.481592269361464E8,-9.481592269361464E8,-9.481592269361464E8,-9.481592269361464E8,-9.481592269361464E8,0.0,0.0,0.0,1.6408366260615692E9,Forecast
2020-06-06T00:00:00.000Z,2.633442859480439E9,6.62251984835986E8,2.5616778524273357E9,2.633442859480439E9,2.633442859480439E9,-9.903656384853024E8,-9.903656384853024E8,-9.903656384853024E8,-9.903656384853024E8,-9.903656384853024E8,-9.903656384853024E8,0.0,0.0,0.0,1.6430772209951367E9,Forecast
2020-07-04T00:00:00.000Z,2.677889865991104E9,1.2445295427415602E9,3.252123552169248E9,2.677889865991104E9,2.677889865991104E9,-4.410093363494607E8,-4.410093363494607E8,-4.410093363494607E8,-4.410093363494607E8,-4.410093363494607E8,-4.410093363494607E8,0.0,0.0,0.0,2.2368805296416435E9,Forecast
2020-08-01T00:00:00.000Z,2.722336872511082E9,1.293396103667249E9,3.304333716249873E9,2.722336872511082E9,2.722336872511082E9,-5.303570388376212E8,-5.303570388376212E8,-5.303570388376212E8,-5.303570388376212E8,-5.303570388376212E8,-5.303570388376212E8,0.0,0.0,0.0,2.191979833673461E9,Forecast
2020-08-29T00:00:00.000Z,2.766783879039057E9,1.9567190648392506E9,3.958715781767729E9,2.766783879039057E9,2.766783879039057E9,1.9895325062967604E8,1.9895325062967604E8,1.9895325062967604E8,1.9895325062967604E8,1.9895325062967604E8,1.9895325062967604E8,0.0,0.0,0.0,2.9657371296687326E9,Forecast
2020-09-26T00:00:00.000Z,2.811230885634842E9,3.1812461389713216E9,5.203086658574103E9,2.811230885634842E9,2.811230885634842E9,1.3693565194288673E9,1.3693565194288673E9,1.3693565194288673E9,1.3693565194288673E9,1.3693565194288673E9,1.3693565194288673E9,0.0,0.0,0.0,4.1805874050637093E9,Forecast
2020-10-24T00:00:00.000Z,2.855677892298439E9,3.362324265421705E9,5.403999530865803E9,2.855677892298439E9,2.855677892298439E9,1.5617657800698328E9,1.5617657800698328E9,1.5617657800698328E9,1.5617657800698328E9,1.5617657800698328E9,1.5617657800698328E9,0.0,0.0,0.0,4.417443672368272E9,Forecast
2020-11-21T00:00:00.000Z,2.900124898910529E9,3.2548845865700073E9,5.293288058508524E9,2.900124898910529E9,2.900124898910529E9,1.3812526505634725E9,1.3812526505634725E9,1.3812526505634725E9,1.3812526505634725E9,1.3812526505634725E9,1.3812526505634725E9,0.0,0.0,0.0,4.281377549474002E9,Forecast
2020-12-19T00:00:00.000Z,2.9445719055054507E9,2.6020289180134044E9,4.605519285173084E9,2.9445719055054507E9,2.9445719055054507E9,6.525930916856533E8,6.525930916856533E8,6.525930916856533E8,6.525930916856533E8,6.525930916856533E8,6.525930916856533E8,0.0,0.0,0.0,3.597164997191104E9,Forecast
2021-01-16T00:00:00.000Z,2.989018912081538E9,1.9467238299993782E9,4.021532343359726E9,2.989018912081538E9,2.989018912081538E9,-3.866246648303149E7,-3.866246648303149E7,-3.866246648303149E7,-3.866246648303149E7,-3.866246648303149E7,-3.866246648303149E7,0.0,0.0,0.0,2.950356445598507E9,Forecast
2021-02-13T00:00:00.000Z,3.0334659186964974E9,9.562794910247003E8,3.0310288193638496E9,3.0334659186964974E9,3.0334659186964974E9,-1.0099203601979855E9,-1.0099203601979855E9,-1.0099203601979855E9,-1.0099203601979855E9,-1.0099203601979855E9,-1.0099203601979855E9,0.0,0.0,0.0,2.0235455584985118E9,Forecast
2021-03-13T00:00:00.000Z,3.077912925428071E9,1.5188720136037366E9,3.5097965839423704E9,3.077912925428071E9,3.077912925428071E9,-5.367489940789115E8,-5.367489940789115E8,-5.367489940789115E8,-5.367489940789115E8,-5.367489940789115E8,-5.367489940789115E8,0.0,0.0,0.0,2.5411639313491597E9,Forecast
2021-04-10T00:00:00.000Z,3.1223599321842813E9,1.551398425188089E9,3.5351174997468376E9,3.1223599321842813E9,3.1223599321842813E9,-6.07319484276559E8,-6.07319484276559E8,-6.07319484276559E8,-6.07319484276559E8,-6.07319484276559E8,-6.07319484276559E8,0.0,0.0,0.0,2.5150404479077225E9,Forecast
2021-05-08T00:00:00.000Z,3.1668069389487057E9,1.2129035719189284E9,3.122460135053167E9,3.1668069389487057E9,3.1668069389487057E9,-9.846676960546039E8,-9.846676960546039E8,-9.846676960546039E8,-9.846676960546039E8,-9.846676960546039E8,-9.846676960546039E8,0.0,0.0,0.0,2.1821392428941016E9,Forecast
2021-06-05T00:00:00.000Z,3.211253945849783E9,1.2692499449012616E9,3.2146411852136455E9,3.211253945849783E9,3.211253945849783E9,-9.759204319307652E8,-9.759204319307652E8,-9.759204319307652E8,-9.759204319307652E8,-9.759204319307652E8,-9.759204319307652E8,0.0,0.0,0.0,2.235333513919018E9,Forecast
2021-07-03T00:00:00.000Z,3.255700952744594E9,1.8100151318925848E9,3.773637280048789E9,3.255700952744594E9,3.255700952744594E9,-4.501650006718756E8,-4.501650006718756E8,-4.501650006718756E8,-4.501650006718756E8,-4.501650006718756E8,-4.501650006718756E8,0.0,0.0,0.0,2.8055359520727186E9,Forecast
2021-07-31T00:00:00.000Z,3.3001479596206064E9,1.7702408551657796E9,3.7905485846379294E9,3.3001479596206064E9,3.3001479596206064E9,-5.642775530321949E8,-5.642775530321949E8,-5.642775530321949E8,-5.642775530321949E8,-5.642775530321949E8,-5.642775530321949E8,0.0,0.0,0.0,2.7358704065884113E9,Forecast
2021-08-28T00:00:00.000Z,3.3445949665674996E9,2.472621757882526E9,4.568122885544584E9,3.3445949665674996E9,3.3445949665674996E9,1.8649704658306122E8,1.8649704658306122E8,1.8649704658306122E8,1.8649704658306122E8,1.8649704658306122E8,1.8649704658306122E8,0.0,0.0,0.0,3.531092013150561E9,Forecast
2021-09-25T00:00:00.000Z,3.3890419735852723E9,3.6852505799830008E9,5.674191238480887E9,3.3890419735852723E9,3.3890419735852723E9,1.2999928783475227E9,1.2999928783475227E9,1.2999928783475227E9,1.2999928783475227E9,1.2999928783475227E9,1.2999928783475227E9,0.0,0.0,0.0,4.689034851932795E9,Forecast
2021-10-23T00:00:00.000Z,3.43348898052245E9,4.0538817648554416E9,6.111952310009254E9,3.43348898052245E9,3.43348898052245E9,1.5839881704865336E9,1.5839881704865336E9,1.5839881704865336E9,1.5839881704865336E9,1.5839881704865336E9,1.5839881704865336E9,0.0,0.0,0.0,5.017477151008984E9,Forecast
2021-11-20T00:00:00.000Z,3.47793598749834E9,3.858339680148426E9,5.910755117233817E9,3.47793598749834E9,3.47793598749834E9,1.3981221116606672E9,1.3981221116606672E9,1.3981221116606672E9,1.3981221116606672E9,1.3981221116606672E9,1.3981221116606672E9,0.0,0.0,0.0,4.876058099159007E9,Forecast
2021-12-18T00:00:00.000Z,3.522382994590365E9,3.2279638241490726E9,5.250624743574385E9,3.522382994590365E9,3.522382994590365E9,6.741135147922459E8,6.741135147922459E8,6.741135147922459E8,6.741135147922459E8,6.741135147922459E8,6.741135147922459E8,0.0,0.0,0.0,4.196496509382611E9,Forecast
2022-01-15T00:00:00.000Z,3.566830001619502E9,2.5869503671895494E9,4.568881981331021E9,3.566830001619502E9,3.566830001619502E9,2.7489320598928742E7,2.7489320598928742E7,2.7489320598928742E7,2.7489320598928742E7,2.7489320598928742E7,2.7489320598928742E7,0.0,0.0,0.0,3.594319322218431E9,Forecast
2022-02-12T00:00:00.000Z,3.611277008585752E9,1.5180598835578141E9,3.6392795161255627E9,3.611277008585752E9,3.611277008585752E9,-1.0182739106377398E9,-1.0182739106377398E9,-1.0182739106377398E9,-1.0182739106377398E9,-1.0182739106377398E9,-1.0182739106377398E9,0.0,0.0,0.0,2.5930030979480124E9,Forecast
2022-03-12T00:00:00.000Z,3.655724015552002E9,2.0832787541415436E9,4.146163562670917E9,3.655724015552002E9,3.655724015552002E9,-5.593486209686824E8,-5.593486209686824E8,-5.593486209686824E8,-5.593486209686824E8,-5.593486209686824E8,-5.593486209686824E8,0.0,0.0,0.0,3.0963753945833197E9,Forecast
2022-04-09T00:00:00.000Z,3.7001710225182524E9,2.16294385053544E9,4.0747839553465085E9,3.7001710225182524E9,3.7001710225182524E9,-5.577988226630077E8,-5.577988226630077E8,-5.577988226630077E8,-5.577988226630077E8,-5.577988226630077E8,-5.577988226630077E8,0.0,0.0,0.0,3.1423721998552446E9,Forecast
2022-05-07T00:00:00.000Z,3.744618029484503E9,1.6834354335661926E9,3.7801297387817097E9,3.744618029484503E9,3.744618029484503E9,-1.0204150938759334E9,-1.0204150938759334E9,-1.0204150938759334E9,-1.0204150938759334E9,-1.0204150938759334E9,-1.0204150938759334E9,0.0,0.0,0.0,2.724202935608569E9,Forecast
2022-06-04T00:00:00.000Z,3.7890650364507523E9,1.8706286328520758E9,3.779366063708137E9,3.7890650364507523E9,3.7890650364507523E9,-9.57343868697109E8,-9.57343868697109E8,-9.57343868697109E8,-9.57343868697109E8,-9.57343868697109E8,-9.57343868697109E8,0.0,0.0,0.0,2.831721167753643E9,Forecast
2022-07-02T00:00:00.000Z,3.833512043417002E9,2.4029051736165147E9,4.417781242715127E9,3.833512043417002E9,3.833512043417002E9,-4.6500757172971594E8,-4.6500757172971594E8,-4.6500757172971594E8,-4.6500757172971594E8,-4.6500757172971594E8,-4.6500757172971594E8,0.0,0.0,0.0,3.3685044716872864E9,Forecast
2022-07-30T00:00:00.000Z,3.8779590503832526E9,2.245421926322564E9,4.2185490516439924E9,3.8779590503832526E9,3.8779590503832526E9,-5.93329874362295E8,-5.93329874362295E8,-5.93329874362295E8,-5.93329874362295E8,-5.93329874362295E8,-5.93329874362295E8,0.0,0.0,0.0,3.2846291760209575E9,Forecast
2022-08-27T00:00:00.000Z,3.9224060573495026E9,3.076404822082028E9,5.083201399106617E9,3.9224060573495026E9,3.9224060573495026E9,1.7439100529178134E8,1.7439100529178134E8,1.7439100529178134E8,1.7439100529178134E8,1.7439100529178134E8,1.7439100529178134E8,0.0,0.0,0.0,4.096797062641284E9,Forecast
2022-09-24T00:00:00.000Z,3.966853064315753E9,4.128371625405011E9,6.216445498195271E9,3.966853064315753E9,3.966853064315753E9,1.2273712445287726E9,1.2273712445287726E9,1.2273712445287726E9,1.2273712445287726E9,1.2273712445287726E9,1.2273712445287726E9,0.0,0.0,0.0,5.194224308844525E9,Forecast
2022-10-22T00:00:00.000Z,4.011300071282003E9,4.600389379206385E9,6.657340548838515E9,4.011300071282003E9,4.011300071282003E9,1.6072133853557334E9,1.6072133853557334E9,1.6072133853557334E9,1.6072133853557334E9,1.6072133853557334E9,1.6072133853557334E9,0.0,0.0,0.0,5.618513456637736E9,Forecast
2022-11-19T00:00:00.000Z,4.0557470782482524E9,4.517246878400819E9,6.436482034981537E9,4.055747077976348E9,4.0557470785617037E9,1.412024980658669E9,1.412024980658669E9,1.412024980658669E9,1.412024980658669E9,1.412024980658669E9,1.412024980658669E9,0.0,0.0,0.0,5.467772058906921E9,Forecast
2022-12-17T00:00:00.000Z,4.100194085214503E9,3.728325012125337E9,5.829513854689903E9,4.1001940830251646E9,4.1001940877001185E9,6.98001441864101E8,6.98001441864101E8,6.98001441864101E8,6.98001441864101E8,6.98001441864101E8,6.98001441864101E8,0.0,0.0,0.0,4.798195527078604E9,Forecast
2023-01-14T00:00:00.000Z,4.144641092180753E9,3.156374689490777E9,5.215849276548202E9,4.1446410869633183E9,4.1446410978672433E9,9.034871383912346E7,9.034871383912346E7,9.034871383912346E7,9.034871383912346E7,9.034871383912346E7,9.034871383912346E7,0.0,0.0,0.0,4.2349898060198765E9,Forecast
2023-02-11T00:00:00.000Z,4.1890880991470027E9,2.086240657330578E9,4.1491518774227366E9,4.189088090103513E9,4.1890881087120576E9,-1.0222898964246968E9,-1.0222898964246968E9,-1.0222898964246968E9,-1.0222898964246968E9,-1.0222898964246968E9,-1.0222898964246968E9,0.0,0.0,0.0,3.166798202722306E9,Forecast
2023-03-11T00:00:00.000Z,4.233535106113253E9,2.608289851848953E9,4.660412650730842E9,4.2335350928048334E9,4.233535119857328E9,-5.815152982137702E8,-5.815152982137702E8,-5.815152982137702E8,-5.815152982137702E8,-5.815152982137702E8,-5.815152982137702E8,0.0,0.0,0.0,3.6520198078994827E9,Forecast
2023-04-08T00:00:00.000Z,4.277982113079503E9,2.7744080909668217E9,4.789890635711285E9,4.2779820948773074E9,4.2779821315850067E9,-5.118859855598646E8,-5.118859855598646E8,-5.118859855598646E8,-5.118859855598646E8,-5.118859855598646E8,-5.118859855598646E8,0.0,0.0,0.0,3.7660961275196385E9,Forecast
